ID,SIC_CD_3,error
44282,L68,No counterfactuals found for any of the query points! Kindly check your configuration.
78667,L68,No counterfactuals found for any of the query points! Kindly check your configuration.
143763,L68,No counterfactuals found for any of the query points! Kindly check your configuration.
74062,L68,No counterfactuals found for any of the query points! Kindly check your configuration.
10754,L68,No counterfactuals found for any of the query points! Kindly check your configuration.
69507,L68,No counterfactuals found for any of the query points! Kindly check your configuration.
52043,L68,No counterfactuals found for any of the query points! Kindly check your configuration.
101486,L68,No counterfactuals found for any of the query points! Kindly check your configuration.
112566,L68,No counterfactuals found for any of the query points! Kindly check your configuration.
9623,L68,No counterfactuals found for any of the query points! Kindly check your configuration.
9783,L68,No counterfactuals found for any of the query points! Kindly check your configuration.
38132,L68,No counterfactuals found for any of the query points! Kindly check your configuration.
10487,L68,No counterfactuals found for any of the query points! Kindly check your configuration.
112721,L68,No counterfactuals found for any of the query points! Kindly check your configuration.
15479,G46,No counterfactuals found for any of the query points! Kindly check your configuration.
116413,L68,No counterfactuals found for any of the query points! Kindly check your configuration.
66606,L68,No counterfactuals found for any of the query points! Kindly check your configuration.
98423,L68,No counterfactuals found for any of the query points! Kindly check your configuration.
139474,L68,No counterfactuals found for any of the query points! Kindly check your configuration.
30625,L68,No counterfactuals found for any of the query points! Kindly check your configuration.
106979,G46,No counterfactuals found for any of the query points! Kindly check your configuration.
128460,F42,No counterfactuals found for any of the query points! Kindly check your configuration.
769,G46,No counterfactuals found for any of the query points! Kindly check your configuration.
82203,G47,No counterfactuals found for any of the query points! Kindly check your configuration.
12508,G46,No counterfactuals found for any of the query points! Kindly check your configuration.
112283,G46,No counterfactuals found for any of the query points! Kindly check your configuration.
54447,G47,No counterfactuals found for any of the query points! Kindly check your configuration.
109940,G47,No counterfactuals found for any of the query points! Kindly check your configuration.
77596,G46,No counterfactuals found for any of the query points! Kindly check your configuration.
88897,G46,No counterfactuals found for any of the query points! Kindly check your configuration.
52369,F42,No counterfactuals found for any of the query points! Kindly check your configuration.
67744,F42,No counterfactuals found for any of the query points! Kindly check your configuration.
113255,F42,No counterfactuals found for any of the query points! Kindly check your configuration.
10100,G46,No counterfactuals found for any of the query points! Kindly check your configuration.
51619,G46,No counterfactuals found for any of the query points! Kindly check your configuration.
75312,G47,No counterfactuals found for any of the query points! Kindly check your configuration.
43507,F42,No counterfactuals found for any of the query points! Kindly check your configuration.
106228,G46,No counterfactuals found for any of the query points! Kindly check your configuration.
96148,G46,No counterfactuals found for any of the query points! Kindly check your configuration.
5943,F42,No counterfactuals found for any of the query points! Kindly check your configuration.
107829,G47,No counterfactuals found for any of the query points! Kindly check your configuration.
110577,G47,No counterfactuals found for any of the query points! Kindly check your configuration.
48953,G46,No counterfactuals found for any of the query points! Kindly check your configuration.
57682,G47,No counterfactuals found for any of the query points! Kindly check your configuration.
110963,L68,No counterfactuals found for any of the query points! Kindly check your configuration.
51461,F42,No counterfactuals found for any of the query points! Kindly check your configuration.
67497,G47,No counterfactuals found for any of the query points! Kindly check your configuration.
30839,G46,No counterfactuals found for any of the query points! Kindly check your configuration.
4162,G47,No counterfactuals found for any of the query points! Kindly check your configuration.
111769,L68,No counterfactuals found for any of the query points! Kindly check your configuration.
66374,L68,No counterfactuals found for any of the query points! Kindly check your configuration.
98875,L68,No counterfactuals found for any of the query points! Kindly check your configuration.
23253,L68,No counterfactuals found for any of the query points! Kindly check your configuration.
62202,G46,No counterfactuals found for any of the query points! Kindly check your configuration.
84900,L68,No counterfactuals found for any of the query points! Kindly check your configuration.
101451,L68,No counterfactuals found for any of the query points! Kindly check your configuration.
89620,G47,No counterfactuals found for any of the query points! Kindly check your configuration.
32906,L68,No counterfactuals found for any of the query points! Kindly check your configuration.
51020,L68,No counterfactuals found for any of the query points! Kindly check your configuration.
94187,G46,No counterfactuals found for any of the query points! Kindly check your configuration.
49593,L68,No counterfactuals found for any of the query points! Kindly check your configuration.
101194,L68,No counterfactuals found for any of the query points! Kindly check your configuration.
137826,L68,No counterfactuals found for any of the query points! Kindly check your configuration.
37404,L68,No counterfactuals found for any of the query points! Kindly check your configuration.
106402,L68,No counterfactuals found for any of the query points! Kindly check your configuration.
7347,L68,No counterfactuals found for any of the query points! Kindly check your configuration.
71554,L68,No counterfactuals found for any of the query points! Kindly check your configuration.
26614,G47,No counterfactuals found for any of the query points! Kindly check your configuration.
12,L68,No counterfactuals found for any of the query points! Kindly check your configuration.
108637,L68,No counterfactuals found for any of the query points! Kindly check your configuration.
126997,L68,No counterfactuals found for any of the query points! Kindly check your configuration.
58450,L68,No counterfactuals found for any of the query points! Kindly check your configuration.
23441,L68,No counterfactuals found for any of the query points! Kindly check your configuration.
49654,L68,No counterfactuals found for any of the query points! Kindly check your configuration.
71368,L68,No counterfactuals found for any of the query points! Kindly check your configuration.
413,G47,No counterfactuals found for any of the query points! Kindly check your configuration.
53277,L68,No counterfactuals found for any of the query points! Kindly check your configuration.
143465,G46,No counterfactuals found for any of the query points! Kindly check your configuration.
5547,F42,No counterfactuals found for any of the query points! Kindly check your configuration.
124415,L68,No counterfactuals found for any of the query points! Kindly check your configuration.
68588,L68,No counterfactuals found for any of the query points! Kindly check your configuration.
98051,G47,No counterfactuals found for any of the query points! Kindly check your configuration.
129695,F42,No counterfactuals found for any of the query points! Kindly check your configuration.
89100,G46,No counterfactuals found for any of the query points! Kindly check your configuration.
141527,G47,No counterfactuals found for any of the query points! Kindly check your configuration.
89028,G47,No counterfactuals found for any of the query points! Kindly check your configuration.
70240,G46,No counterfactuals found for any of the query points! Kindly check your configuration.
82790,F42,No counterfactuals found for any of the query points! Kindly check your configuration.
1397,L68,No counterfactuals found for any of the query points! Kindly check your configuration.
80546,G46,No counterfactuals found for any of the query points! Kindly check your configuration.
145275,G46,No counterfactuals found for any of the query points! Kindly check your configuration.
30501,G46,No counterfactuals found for any of the query points! Kindly check your configuration.
138795,G47,No counterfactuals found for any of the query points! Kindly check your configuration.
35681,G47,No counterfactuals found for any of the query points! Kindly check your configuration.
101962,G46,No counterfactuals found for any of the query points! Kindly check your configuration.
24593,G46,No counterfactuals found for any of the query points! Kindly check your configuration.
84113,G47,No counterfactuals found for any of the query points! Kindly check your configuration.
20115,F42,No counterfactuals found for any of the query points! Kindly check your configuration.
149218,L68,No counterfactuals found for any of the query points! Kindly check your configuration.
61550,F42,No counterfactuals found for any of the query points! Kindly check your configuration.
29518,G46,No counterfactuals found for any of the query points! Kindly check your configuration.
52119,G47,No counterfactuals found for any of the query points! Kindly check your configuration.
57689,G47,No counterfactuals found for any of the query points! Kindly check your configuration.
143555,G46,No counterfactuals found for any of the query points! Kindly check your configuration.
72835,G46,No counterfactuals found for any of the query points! Kindly check your configuration.
79200,G46,No counterfactuals found for any of the query points! Kindly check your configuration.
73241,G46,No counterfactuals found for any of the query points! Kindly check your configuration.
25971,G47,No counterfactuals found for any of the query points! Kindly check your configuration.
11942,G46,No counterfactuals found for any of the query points! Kindly check your configuration.
142930,G47,No counterfactuals found for any of the query points! Kindly check your configuration.
78993,G46,No counterfactuals found for any of the query points! Kindly check your configuration.
134581,G47,No counterfactuals found for any of the query points! Kindly check your configuration.
127331,G47,No counterfactuals found for any of the query points! Kindly check your configuration.
68404,G47,No counterfactuals found for any of the query points! Kindly check your configuration.
32407,G46,No counterfactuals found for any of the query points! Kindly check your configuration.
4935,G46,No counterfactuals found for any of the query points! Kindly check your configuration.
53727,G47,No counterfactuals found for any of the query points! Kindly check your configuration.
142468,L68,No counterfactuals found for any of the query points! Kindly check your configuration.
56076,F42,No counterfactuals found for any of the query points! Kindly check your configuration.
5699,L68,No counterfactuals found for any of the query points! Kindly check your configuration.
16616,L68,No counterfactuals found for any of the query points! Kindly check your configuration.
97775,G46,No counterfactuals found for any of the query points! Kindly check your configuration.
122247,L68,No counterfactuals found for any of the query points! Kindly check your configuration.
59129,G46,No counterfactuals found for any of the query points! Kindly check your configuration.
130082,G46,No counterfactuals found for any of the query points! Kindly check your configuration.
90485,G47,No counterfactuals found for any of the query points! Kindly check your configuration.
133377,G46,No counterfactuals found for any of the query points! Kindly check your configuration.
73494,L68,No counterfactuals found for any of the query points! Kindly check your configuration.
74041,L68,No counterfactuals found for any of the query points! Kindly check your configuration.
3427,G46,No counterfactuals found for any of the query points! Kindly check your configuration.
61608,L68,No counterfactuals found for any of the query points! Kindly check your configuration.
10934,L68,No counterfactuals found for any of the query points! Kindly check your configuration.
89073,L68,No counterfactuals found for any of the query points! Kindly check your configuration.
66970,L68,No counterfactuals found for any of the query points! Kindly check your configuration.
43216,G47,No counterfactuals found for any of the query points! Kindly check your configuration.
79697,G46,No counterfactuals found for any of the query points! Kindly check your configuration.
103586,L68,No counterfactuals found for any of the query points! Kindly check your configuration.
35532,G46,No counterfactuals found for any of the query points! Kindly check your configuration.
11211,L68,No counterfactuals found for any of the query points! Kindly check your configuration.
38001,L68,No counterfactuals found for any of the query points! Kindly check your configuration.
99669,G47,No counterfactuals found for any of the query points! Kindly check your configuration.
143423,L68,No counterfactuals found for any of the query points! Kindly check your configuration.
25622,G46,No counterfactuals found for any of the query points! Kindly check your configuration.
94605,G46,No counterfactuals found for any of the query points! Kindly check your configuration.
142326,F42,No counterfactuals found for any of the query points! Kindly check your configuration.
37507,G46,No counterfactuals found for any of the query points! Kindly check your configuration.
57228,L68,No counterfactuals found for any of the query points! Kindly check your configuration.
145185,G46,No counterfactuals found for any of the query points! Kindly check your configuration.
126240,G46,No counterfactuals found for any of the query points! Kindly check your configuration.
29289,G47,No counterfactuals found for any of the query points! Kindly check your configuration.
45909,G46,No counterfactuals found for any of the query points! Kindly check your configuration.
31453,L68,No counterfactuals found for any of the query points! Kindly check your configuration.
104160,G47,No counterfactuals found for any of the query points! Kindly check your configuration.
118449,G46,No counterfactuals found for any of the query points! Kindly check your configuration.
17856,G47,No counterfactuals found for any of the query points! Kindly check your configuration.
54672,G46,No counterfactuals found for any of the query points! Kindly check your configuration.
78210,F42,No counterfactuals found for any of the query points! Kindly check your configuration.
35602,G47,No counterfactuals found for any of the query points! Kindly check your configuration.
96177,G46,No counterfactuals found for any of the query points! Kindly check your configuration.
123401,G46,No counterfactuals found for any of the query points! Kindly check your configuration.
16422,G47,No counterfactuals found for any of the query points! Kindly check your configuration.
120991,G47,No counterfactuals found for any of the query points! Kindly check your configuration.
108225,G47,No counterfactuals found for any of the query points! Kindly check your configuration.
148974,F42,No counterfactuals found for any of the query points! Kindly check your configuration.
39101,G46,No counterfactuals found for any of the query points! Kindly check your configuration.
127491,G47,No counterfactuals found for any of the query points! Kindly check your configuration.
5243,G46,No counterfactuals found for any of the query points! Kindly check your configuration.
130725,G46,No counterfactuals found for any of the query points! Kindly check your configuration.
135950,G47,No counterfactuals found for any of the query points! Kindly check your configuration.
92329,G46,No counterfactuals found for any of the query points! Kindly check your configuration.
114181,G47,No counterfactuals found for any of the query points! Kindly check your configuration.
86813,F42,No counterfactuals found for any of the query points! Kindly check your configuration.
39154,G47,No counterfactuals found for any of the query points! Kindly check your configuration.
80587,F42,No counterfactuals found for any of the query points! Kindly check your configuration.
16825,G47,No counterfactuals found for any of the query points! Kindly check your configuration.
58913,G47,No counterfactuals found for any of the query points! Kindly check your configuration.
77734,F42,No counterfactuals found for any of the query points! Kindly check your configuration.
87423,G46,No counterfactuals found for any of the query points! Kindly check your configuration.
14167,G46,No counterfactuals found for any of the query points! Kindly check your configuration.
11558,G46,No counterfactuals found for any of the query points! Kindly check your configuration.
26701,G46,No counterfactuals found for any of the query points! Kindly check your configuration.
45751,G46,No counterfactuals found for any of the query points! Kindly check your configuration.
31338,G47,No counterfactuals found for any of the query points! Kindly check your configuration.
37336,G47,No counterfactuals found for any of the query points! Kindly check your configuration.
137167,G46,No counterfactuals found for any of the query points! Kindly check your configuration.
60070,F42,No counterfactuals found for any of the query points! Kindly check your configuration.
71132,G46,No counterfactuals found for any of the query points! Kindly check your configuration.
147124,G46,No counterfactuals found for any of the query points! Kindly check your configuration.
48182,G47,No counterfactuals found for any of the query points! Kindly check your configuration.
