ID,SIC_CD_3,CF_Number,Validity,Proximity,Sparsity,Realism,Robustness,QualityScore,Immutable_Violated
126732,L68,1,1.0,0.13747995356795223,0.22580645161290322,0.48270282292790984,0.9,0.8301143689969845,False
54264,L68,1,0.0,0.13331227848268393,0.27419354838709675,0.6047892958240216,0.1,0.20507450730315938,False
136474,L68,1,1.0,0.04492021442217967,0.3225806451612903,0.5497688578296425,1.0,0.869714365396528,False
48234,F42,1,1.0,0.0830180639892954,0.2903225806451613,0.5317998414987986,1.0,0.8599004842394071,False
34218,L68,1,1.0,0.12345841166854571,0.3225806451612903,0.5258582560142734,1.0,0.8583311655007797,False
71017,G46,1,1.0,0.12881303759816023,0.20967741935483872,0.5582598700046071,0.8,0.8265693613068096,False
112534,L68,1,1.0,0.08802041750394318,0.3709677419354839,0.5836103116325871,0.9,0.8629508484515699,False
75583,G46,1,0.0,0.14702654111852137,0.1774193548387097,0.46481744330721675,0.0,0.166134473003045,False
24659,L68,1,1.0,0.1299305300515188,0.2903225806451613,0.48196491949753995,1.0,0.8491507744545758,False
91451,L68,1,0.0,0.20615657411244231,0.27419354838709675,0.4196673348197131,0.1,0.1764115898993742,False
52274,G47,1,1.0,0.15973967241440576,0.25806451612903225,0.45695837319735155,1.0,0.8394759129902197,False
25857,L68,1,0.0,0.089515436285116,0.3548387096774194,0.5216908593672991,0.4,0.2430015703066225,False
10261,L68,1,1.0,0.23892498027354658,0.1935483870967742,0.5607604849480985,1.0,0.8350426546412585,False
44749,G46,1,1.0,0.18555969563300637,0.24193548387096775,0.4811626474022248,0.6,0.7930598261822428,False
50710,L68,1,0.0,0.08535390656745177,0.3225806451612903,0.5884925250890087,0.0,0.2028576959647608,False
18977,G46,1,1.0,0.1034924485168838,0.22580645161290322,0.5480736048631952,1.0,0.8522652897732461,False
55078,L68,1,1.0,0.06213357933404369,0.27419354838709675,0.503112060840827,1.0,0.8572413366548756,False
50362,L68,1,0.0,0.08187375010737916,0.2903225806451613,0.5303493046585146,0.1,0.20431090391069964,False
137392,L68,1,0.0,0.046622492400882946,0.3548387096774194,0.582593123857629,0.8,0.298978815681574,False
95507,L68,1,1.0,0.1360220205179015,0.25806451612903225,0.5783765905804785,1.0,0.8556021206879565,False
77949,L68,1,0.0,0.1824663909810537,0.3064516129032258,0.4215166539071451,0.0,0.17172243064770193,False
75498,F42,1,0.0,0.11584602399640603,0.20967741935483872,0.5948124873949113,0.0,0.1876270980837049,False
83629,L68,1,1.0,0.13084517933940526,0.3064516129032258,0.532961801811189,0.8,0.8342853594861122,False
5231,G46,1,1.0,0.2617624295116146,0.1935483870967742,0.42503851357576383,1.0,0.8174249412401026,False
35400,L68,1,1.0,0.049232320965496665,0.2903225806451613,0.5680956962744896,1.0,0.8676873284393505,False
7761,G46,1,1.0,0.023302525526420127,0.5967741935483871,0.5673253053342702,1.0,0.904532997039582,False
107931,L68,1,1.0,0.14983732919792833,0.24193548387096775,0.5346581963346072,1.0,0.847417372334183,False
109871,L68,1,0.0,0.15513545088836475,0.3548387096774194,0.40789426519769534,0.0,0.17862194710963888,False
6660,L68,1,1.0,0.09421923744244826,0.3225806451612903,0.5575276299230671,1.0,0.8650987819602121,False
115806,G46,1,1.0,0.07938444254958596,0.22580645161290322,0.5753311111209929,1.0,0.8579725689093678,False
87464,L68,1,1.0,0.29721936087147605,0.3225806451612903,0.3804740002421618,1.0,0.8228705871702195,False
9499,G46,1,1.0,0.13533476107572856,0.1935483870967742,0.49100766899205217,1.0,0.8388023661125664,False
42358,L68,1,1.0,0.07637951388247517,0.3225806451612903,0.5546568013730669,1.0,0.8667619925168757,False
4684,G46,1,1.0,0.07115802180744663,0.25806451612903225,0.5904970183349982,1.0,0.8641559458507315,False
44695,L68,1,0.0,0.08029072264399292,0.3225806451612903,0.5908094503703641,0.0,0.20367770809862906,False
33436,L68,1,0.0,0.1629096507784378,0.24193548387096775,0.5961603679238203,0.0,0.18613180011292782,False
9065,G47,1,0.0,0.054990368222222315,0.24193548387096775,0.6034099049964854,0.1,0.21003944673835898,False
5797,L68,1,1.0,0.10210489124270863,0.27419354838709675,0.5770313199354195,0.5,0.8054577752310897,False
68494,L68,1,1.0,0.1796374113849615,0.3548387096774194,0.5134452896798627,0.9,0.8431829542191467,False
73160,G47,1,0.0,0.24225955508594804,0.3064516129032258,0.5772540250390585,0.0,0.18238289809514846,False
141195,F42,1,1.0,0.1753904263990294,0.2903225806451613,0.46683718190433565,1.0,0.8424188151278298,False
86671,L68,1,1.0,0.0496618567626807,0.3709677419354839,0.5914562551143913,1.0,0.8791957933652438,False
67902,L68,1,1.0,0.12450240039249276,0.3064516129032258,0.5725826064986373,1.0,0.8616146465565967,False
55027,G46,1,1.0,0.0709970866296665,0.1935483870967742,0.5941300835313383,0.9,0.8462979315553829,False
137741,F42,1,1.0,0.18999998336286075,0.24193548387096775,0.5782465010869156,1.0,0.8477980001772247,False
53926,G46,1,0.0,0.06127217452834589,0.25806451612903225,0.606163528915616,0.0,0.20032843005736692,False
125956,L68,1,1.0,0.18079626872934706,0.2903225806451613,0.5326768677777367,0.6,0.8046892421881723,False
112285,L68,1,1.0,0.2354651462411775,0.3548387096774194,0.35060558264708563,1.0,0.8299976828981475,False
104566,L68,1,1.0,0.1210594423286979,0.24193548387096775,0.5884827469922679,1.0,0.856595420948282,False
75627,L68,1,0.0,0.0800640625772013,0.27419354838709675,0.5974902422665396,0.7,0.27684663645293717,False
137833,L68,1,0.0,0.113324990670741,0.25806451612903225,0.5974853190786779,0.0,0.19358053828188546,False
6687,L68,1,1.0,0.14320836500793382,0.2903225806451613,0.5691210620325234,1.0,0.8573594752966389,False
121139,L68,1,1.0,0.10208751053773386,0.3225806451612903,0.5864528454392903,1.0,0.8674384422292052,False
116735,L68,1,0.0,0.12243633172325033,0.27419354838709675,0.5991289118067378,0.0,0.19454290316339823,False
141486,L68,1,1.0,0.1608192907951356,0.27419354838709675,0.4483795277462841,1.0,0.8401948650375828,False
111044,L68,1,1.0,0.25501934385451314,0.3064516129032258,0.41142476403327155,0.9,0.8180952258979982,False
129803,G46,1,1.0,0.14908576207059956,0.20967741935483872,0.55707978372443,1.0,0.8464079378898521,False
67411,G47,1,1.0,0.04488799745329517,0.3548387096774194,0.6042537260527991,1.0,0.8793560486974359,False
25516,L68,1,1.0,0.10449005763002152,0.3387096774193548,0.5933670383160576,0.6,0.8252874064561545,False
42602,F42,1,1.0,0.004026684224777568,0.7580645161290323,0.558448564241617,0.9,0.9124984884606524,False
21259,L68,1,0.0,0.13926408705664287,0.45161290322580644,0.49093871553664764,0.1,0.2114763924117568,False
62150,G47,1,1.0,0.08994492512230404,0.3387096774193548,0.5330994451924478,1.0,0.8646515774988333,False
56319,G46,1,0.0,0.09858534868650891,0.2903225806451613,0.5741073725604073,0.0,0.1962049560576733,False
51029,G46,1,0.0,0.08899873397941291,0.3387096774193548,0.608363834923664,0.0,0.20645275315151176,False
132663,G46,1,0.0,0.11105869231185175,0.20967741935483872,0.5446437702103807,0.1,0.193695833028152,False
62995,G46,1,0.0,0.06891920260649285,0.3870967741935484,0.601397540343596,0.0,0.21328612354785015,False
146128,L68,1,1.0,0.14556318098531856,0.27419354838709675,0.5882340604556024,0.5,0.8018738253174867,False
83429,G46,1,0.0,0.1257725010000973,0.3064516129032258,0.5798185696893289,0.0,0.19561085351027307,False
117129,L68,1,1.0,0.12848766725909544,0.4032258064516129,0.49783023211414845,1.0,0.8636187079229629,False
127938,G47,1,0.0,0.055734279580171985,0.3548387096774194,0.5946105139063047,0.0,0.21041277155595023,False
80108,G46,1,1.0,0.2065760414683062,0.2903225806451613,0.41772245895281856,1.0,0.8334965553477415,False
72096,L68,1,0.0,0.11541103931669035,0.4032258064516129,0.5854684297044399,0.5,0.2636981329821514,False
122832,G46,1,1.0,0.17879409898010298,0.3548387096774194,0.46903862980212746,1.0,0.849453693388827,False
120278,G46,1,1.0,0.055171380145467554,0.4032258064516129,0.5883773686709446,1.0,0.8818257549974544,False
43389,F42,1,1.0,0.14930388392707775,0.41935483870967744,0.5913068371879873,1.0,0.873484199107843,False
56131,F42,1,1.0,0.058777760668993075,0.3548387096774194,0.5980719640102135,0.6,0.8326814347798488,False
127238,F42,1,1.0,0.1404423286590705,0.3387096774193548,0.49553399644456564,0.9,0.8437557050227612,False
54836,L68,1,0.0,0.12301789732834756,0.25806451612903225,0.5743250834356308,0.5,0.24548574469292392,False
142437,G46,1,1.0,0.1356729907518506,0.27419354838709675,0.49658000091145404,0.9,0.8372333953940778,False
78636,F42,1,1.0,0.24003015819419898,0.4032258064516129,0.3703746940350756,1.0,0.8370633713658322,False
98438,F42,1,0.0,0.030448437738311733,0.41935483870967744,0.6000957739754955,0.0,0.22100024166076235,False
50787,G47,1,1.0,0.05234533800797432,0.41935483870967744,0.543036729542777,1.0,0.87889402558272,False
91450,G46,1,0.0,0.16138252086499566,0.3225806451612903,0.4880010003424647,0.7,0.26102212495986216,False
122809,G46,1,1.0,0.03681369976123678,0.4032258064516129,0.5869506824139027,0.7,0.8503736432338088,False
115231,G46,1,1.0,0.21055077812782955,0.3387096774193548,0.40890245109940127,1.0,0.8374512611545474,False
116844,G47,1,1.0,0.052076188665475066,0.4032258064516129,0.5979216986591027,0.6,0.8387857018272489,False
17466,G46,1,0.0,0.056012182018078706,0.4032258064516129,0.6009515296227905,0.0,0.2164627948951472,False
91131,G46,1,0.0,0.05264953278014913,0.3709677419354839,0.6048236769686351,0.0,0.21368243179155222,False
99108,G46,1,0.0,0.06415614238161677,0.3709677419354839,0.6012788842569774,0.0,0.21201005375676052,False
112899,G47,1,1.0,0.03413531106008677,0.3548387096774194,0.6033287522069034,1.0,0.8804480167582484,False
116328,F42,1,1.0,0.036425289934456415,0.43548387096774194,0.6110018087367111,1.0,0.8900067099744441,False
31079,G46,1,0.0,0.018886025857862525,0.3709677419354839,0.552713254612117,0.6,0.2783105522988598,False
5379,G46,1,0.0,0.05798819347903507,0.43548387096774194,0.5910229892994157,0.1,0.2298354074209025,False
134378,G47,1,1.0,0.026663950660533283,0.3870967741935484,0.5953649831865682,1.0,0.8839775340799536,False
74009,G46,1,0.0,0.04610722797494903,0.4032258064516129,0.5851400467878196,0.3,0.24913984725160926,False
132154,G46,1,1.0,0.004635568813582817,0.7903225806451613,0.6019910987588584,1.0,0.9319642345100484,False
47927,F42,1,1.0,0.033435355216387457,0.43548387096774194,0.5878443604642052,0.6,0.8433214306906177,False
14826,G46,1,0.0,0.10700622289781855,0.3387096774193548,0.48077055373782684,0.0,0.1902748898065959,False
37861,G46,1,1.0,0.12477212829787268,0.3064516129032258,0.4167850031608763,1.0,0.8442738319740255,False
79713,G47,1,1.0,0.09626383639443513,0.3387096774193548,0.5242883268068275,0.7,0.829637129759083,False
15754,G46,1,0.0,0.06710486562728725,0.3870967741935484,0.5881177045134953,0.0,0.21201217923108406,False
134047,G46,1,0.0,0.05917002559592929,0.3548387096774194,0.6002965520902523,0.0,0.2106628040190825,False
97978,G47,1,0.0,0.09106273974616201,0.3225806451612903,0.5640718244395089,0.3,0.2328433033171819,False
58332,G46,1,1.0,0.06322106874159392,0.3709677419354839,0.6122043208033785,1.0,0.8799945548885854,False
22683,F42,1,1.0,0.0538659889629099,0.3548387096774194,0.6079210459007784,1.0,0.8787659740683653,False
60302,G46,1,0.0,0.05425658576973458,0.3870967741935484,0.6070221605762673,0.7,0.2933180387777868,False
94917,F42,1,1.0,0.13231320592242513,0.25806451612903225,0.49739123981941247,1.0,0.84701583889178,False
141220,F42,1,0.0,0.07222331676346716,0.3709677419354839,0.6020196334769918,0.0,0.2111960065165565,False
94264,G46,1,0.0,0.06144926458124344,0.3870967741935484,0.5866996147100287,0.2,0.23470523603581483,False
115232,F42,1,0.0,0.04688816844650504,0.41935483870967744,0.5921442042308339,0.0,0.21829009716600073,False
88196,G47,1,1.0,0.10504130536342594,0.3870967741935484,0.5232921301194302,1.0,0.8672608443277281,False
76096,G46,1,1.0,0.05365401583968598,0.43548387096774194,0.5986037351234847,0.7,0.8533815100279489,False
72133,G47,1,1.0,0.10651685497146895,0.3709677419354839,0.6139230702859528,1.0,0.8753748841388853,False
123114,G47,1,1.0,0.07646511789760468,0.3225806451612903,0.5437393665325668,1.0,0.865539432644028,False
99397,F42,1,0.0,0.031341771891854206,0.41935483870967744,0.5766879555466334,0.3,0.25163344692938405,False
48377,G46,1,1.0,0.00598902869441511,0.7580645161290323,0.5956360224063806,1.0,0.9275235010934443,False
19395,F42,1,0.0,0.10986286283770412,0.3225806451612903,0.4733605831761059,0.3,0.22067537394441022,False
36893,G47,1,0.0,0.08438612246075146,0.4032258064516129,0.562939516676578,0.0,0.2090865778519377,False
64419,G46,1,0.0,0.06505268620126643,0.3709677419354839,0.5970481001016059,0.0,0.2114403506484248,False
99781,F42,1,1.0,0.08855856835672238,0.3225806451612903,0.537161482086247,1.0,0.8634648398767572,False
32567,L68,1,1.0,0.0015176244506490077,0.8387096774193549,0.518632526234093,1.0,0.9284249532447555,False
7601,G46,1,1.0,0.034688235262651725,0.3709677419354839,0.6008836783783738,1.0,0.881907020561245,False
145876,G47,1,0.0,0.1762349214562003,0.3548387096774194,0.41462180014827854,0.0,0.17702506537438867,False
107750,G46,1,1.0,0.0387797375043613,0.3709677419354839,0.5902763719101413,1.0,0.8802738195934737,False
116866,G47,1,1.0,0.04846796408957078,0.4032258064516129,0.5999527320993299,0.8,0.8616345082734858,False
145131,G47,1,1.0,0.17002241470248214,0.3387096774193548,0.4860574076883032,1.0,0.850527185600575,False
17301,F42,1,1.0,0.06246627991266469,0.3870967741935484,0.60832877236582,0.8,0.8592176962940781,False
1270,G47,1,1.0,0.03325709888638384,0.3870967741935484,0.6132963634120614,1.0,0.8852373376354694,False
34756,L68,1,0.0,0.17536035058030047,0.3709677419354839,0.45087867119898684,0.2,0.20516511806157445,False
17189,L68,1,1.0,0.09899813335307663,0.5,0.5364127680173092,1.0,0.881934959407137,False
39977,G47,1,1.0,0.005671385191933657,0.7419354838709677,0.5936352087018821,1.0,0.9255443674867685,False
95331,G46,1,1.0,0.005244716802613883,0.7419354838709677,0.5567738741323762,0.9,0.9103849601334145,False
62989,G47,1,1.0,0.07597469334593075,0.3709677419354839,0.6041797707460054,1.0,0.877685868815062,False
140790,G46,1,0.0,0.10823702080335894,0.27419354838709675,0.5644048009057365,0.0,0.19226236983216383,False
13579,G46,1,1.0,0.03705126117152851,0.43548387096774194,0.5894410012869313,1.0,0.8875415123425716,False
6642,F42,1,1.0,0.04227915042184461,0.3870967741935484,0.576529211895879,0.9,0.8690385372963981,False
45143,F42,1,1.0,0.08870785535489746,0.5161290322580645,0.5311842254685457,1.0,0.8842894891524125,False
93970,G46,1,0.0,0.18760552654105692,0.3225806451612903,0.40450594979336574,0.0,0.17105345204595546,False
136808,G46,1,1.0,0.005011804207196837,0.7580645161290323,0.5814117413256361,1.0,0.9260516059163858,False
130855,F42,1,0.0,0.06614186132417307,0.3387096774193548,0.591076758934452,0.0,0.20707161944773705,False
93164,G47,1,1.0,0.08723769225030274,0.3548387096774194,0.46932677759362534,1.0,0.8596586438911936,False
6658,F42,1,1.0,0.06430556327755076,0.4838709677419355,0.5752323676885785,1.0,0.8883108635725514,False
114455,G46,1,0.0,0.058148448037846856,0.3709677419354839,0.6050329565006765,0.6,0.2797613611553682,False
46685,G47,1,1.0,0.126594415791007,0.5483870967741935,0.4699870126596694,1.0,0.8768644104047617,False
37364,G46,1,0.0,0.05421673859731645,0.41935483870967744,0.600596580610081,0.0,0.2184149645247158,False
63608,G47,1,1.0,0.02740445991207931,0.45161290322580644,0.6017947623657265,1.0,0.8917781339643837,False
17204,G46,1,0.0,0.06611646397848778,0.3870967741935484,0.6055911127660725,0.0,0.21406349144234812,False
114628,G47,1,1.0,0.0824499313972883,0.4032258064516129,0.5890993262808819,0.9,0.8677639112594674,False
22074,G47,1,0.0,0.06746628467284778,0.4032258064516129,0.6046330834155349,0.0,0.2155991783549222,False
138125,G47,1,1.0,0.17656238899636803,0.3870967741935484,0.44387806084904213,0.5,0.794934716227358,False
41934,G46,1,0.0,0.0029779894165232806,0.8064516129032258,0.5808081973219412,0.0,0.26492020231207153,False
88901,F42,1,1.0,0.095203058593481,0.4032258064516129,0.6084973016054267,0.4,0.8129466721626177,False
30678,F42,1,0.0,0.061610773413871125,0.41935483870967744,0.5552734432916844,0.0,0.21255750095416565,False
131580,G46,1,1.0,0.056068499921536265,0.41935483870967744,0.590560490574026,0.7,0.8504274254846852,False
123027,F42,1,1.0,0.037151429133772645,0.3870967741935484,0.5824323966838783,1.0,0.8813753046381838,False
143532,G47,1,1.0,0.08020713145658048,0.5,0.5630201155596974,1.0,0.8869792204559019,False
90043,G47,1,1.0,0.12584119416265013,0.41935483870967744,0.5537357805525273,1.0,0.8719166027888394,False
93204,G46,1,1.0,0.10701934325742452,0.4032258064516129,0.5544520102888333,1.0,0.872295385942558,False
79548,G46,1,0.0,0.06568871236963496,0.43548387096774194,0.6045313106686396,0.0,0.21936960769630517,False
99304,G47,1,1.0,0.18905771012623684,0.3870967741935484,0.48873322582335127,1.0,0.8540858099878513,False
45196,F42,1,1.0,0.0434606584076253,0.43548387096774194,0.5962638957830686,1.0,0.8875874564825762,False
89408,G47,1,1.0,0.10930031786140794,0.4032258064516129,0.5782998327521808,1.0,0.8746917023713762,False
15339,G47,1,1.0,0.0379169585372276,0.4032258064516129,0.5746069267551124,1.0,0.8822128638521664,False
11499,G46,1,0.0,0.050912922076944735,0.41935483870967744,0.5989913696900449,0.4,0.2630481429247531,False
131874,G46,1,0.0,0.04877051014642623,0.4032258064516129,0.5873581486372668,0.3,0.24909038277138373,False
49340,G46,1,1.0,0.12174647345126961,0.4032258064516129,0.5396289178368032,1.0,0.8690120278707941,False
36894,G46,1,0.0,0.06005275578101303,0.43548387096774194,0.5925200956378818,0.0,0.21866124564717895,False
40442,G47,1,1.0,0.12455245161137324,0.41935483870967744,0.5259486252437541,1.0,0.868972334704673,False
77846,G47,1,1.0,0.08601788942679614,0.3870967741935484,0.5925888488082403,1.0,0.8770741926194435,False
24603,G47,1,0.0,0.10133914695957721,0.4032258064516129,0.5344836902771746,0.4,0.24848559441880116,False
132694,G46,1,1.0,0.06301905083922547,0.41935483870967744,0.601893075027512,1.0,0.8842476514331071,False
83119,G47,1,1.0,0.044407262183922956,0.3870967741935484,0.5908591786069355,0.9,0.8703942989573956,False
115265,F42,1,0.0,0.04998109176705071,0.3548387096774194,0.5747061030118739,0.0,0.20884041343580473,False
9483,G47,1,0.0,0.050890915829044765,0.43548387096774194,0.5846476761812105,0.0,0.21880451459110084,False
83379,F42,1,1.0,0.06407187415751234,0.4032258064516129,0.6001286836029714,0.8,0.8599202906552301,False
23715,G47,1,1.0,0.03528837522374786,0.43548387096774194,0.5754378129826683,1.0,0.8861814787474069,False
80301,G46,1,0.0,0.07346721485478114,0.41935483870967744,0.5791840669493453,0.0,0.2138968545338046,False
100089,G46,1,1.0,0.06625318911239204,0.3870967741935484,0.5960211632764673,1.0,0.8796516387064026,False
147090,F42,1,1.0,0.06482453651375733,0.4032258064516129,0.5877478270805369,1.0,0.8806832330020435,False
88574,G46,1,1.0,0.056550764578429794,0.41935483870967744,0.5941402875171339,0.7,0.8507715957387091,False
37187,G47,1,1.0,0.09543165492958708,0.4032258064516129,0.5533541992086644,1.0,0.8734609278589656,False
116655,G47,1,1.0,0.05729153587039412,0.41935483870967744,0.581399727301933,1.0,0.8826070033490239,False
92788,F42,1,1.0,0.07103630369630749,0.41935483870967744,0.5656525494975553,1.0,0.8793301205012138,False
27754,G47,1,1.0,0.06573513400915602,0.4032258064516129,0.5792821035992898,1.0,0.8796414195601941,False
79299,G47,1,1.0,0.050368457692339205,0.4032258064516129,0.5787695111047612,0.9,0.8701807622071152,False
10103,G47,1,0.0,0.11675886458700134,0.3870967741935484,0.516919599699385,0.1,0.20969527881177022,False
22674,G47,1,1.0,0.04215159004089147,0.5161290322580645,0.5466219780292624,1.0,0.8911777133607148,False
1257,G46,1,0.0,0.07181553518973276,0.6451612903225806,0.5304698937678961,0.4,0.27820173876674936,False
84614,G46,1,0.0,0.029443051931134036,0.46774193548387094,0.592725145353672,0.0,0.22566933654515653,False
36198,G46,1,0.0,0.09671808847350853,0.3709677419354839,0.5827426563229987,0.0,0.20633247886499712,False
84822,G47,1,0.0,0.0570259217270905,0.43548387096774194,0.5843701229871778,0.0,0.21809200802531437,False
107312,F42,1,1.0,0.0936527371958806,0.4838709677419355,0.5504985490424594,1.0,0.8823018643987237,False
109476,G47,1,1.0,0.13086647648066282,0.3870967741935484,0.5980129201784317,1.0,0.872693690876813,False
4484,G46,1,0.0,0.06950394996171842,0.3709677419354839,0.5721318110248138,0.0,0.20817728922206438,False
21876,G47,1,1.0,0.07765891266478513,0.41935483870967744,0.5783506937042864,1.0,0.8800051799721309,False
87981,G47,1,0.0,0.06197670290855035,0.43548387096774194,0.613193834120617,0.0,0.22074455579775648,False
70,G47,1,1.0,0.07555780453138003,0.5161290322580645,0.5283721627509976,0.9,0.8743270433864091,False
39421,G47,1,0.0,0.0740808594328163,0.3709677419354839,0.6013925281469179,0.2,0.23314215673884287,False
54627,G47,1,0.0,0.07301789880448453,0.3870967741935484,0.5977649613287679,0.1,0.22353820407975908,False
99009,G46,1,0.0,0.0765408946911187,0.41935483870967744,0.581989894802912,0.0,0.21386709320238564,False
70282,L68,1,0.0,0.1584826886828853,0.4032258064516129,0.5998446082325315,0.2,0.22717641400013988,False
112501,G47,1,1.0,0.08347275345746188,0.43548387096774194,0.5652779688971963,0.9,0.8685876762674973,False
133250,G47,1,1.0,0.04899903134622119,0.4838709677419355,0.5802863890229712,1.0,0.8905731472687428,False
57347,G46,1,1.0,0.07597273615528906,0.5161290322580645,0.5821134500624592,1.0,0.8913633051294707,False
33848,G47,1,1.0,0.07682779753172314,0.5483870967741935,0.5845039924247031,1.0,0.8951181435185747,False
15466,G47,1,1.0,0.14351068868955966,0.43548387096774194,0.511293631105658,0.9,0.8559185348204267,False
28794,L68,1,1.0,0.3031048836744559,0.27419354838709675,0.44613254051152473,1.0,0.8241356894693518,False
59369,G47,1,1.0,0.17288877105664213,0.16129032258064516,0.6014203064698375,1.0,0.8433135397770933,False
93067,G46,1,1.0,0.2620958536362024,0.20967741935483872,0.5788710165831913,1.0,0.8362725091446476,False
125816,L68,1,1.0,0.22092959266780823,0.1935483870967742,0.4163818100253418,0.9,0.8098889560504787,False
81018,L68,1,1.0,0.16052664182475143,0.1774193548387097,0.6131948797177642,1.0,0.8477875103035247,False
148771,G46,1,1.0,0.18547768923967414,0.1935483870967742,0.5907568235201972,1.0,0.8443141690419219,False
94535,L68,1,1.0,0.07677392632108572,0.3064516129032258,0.5631056607477571,1.0,0.8658648163699886,False
27601,L68,1,1.0,0.12124114444756805,0.25806451612903225,0.5904166123286618,0.4,0.7919155537789029,False
121292,L68,1,1.0,0.09863330678506484,0.1774193548387097,0.6006993896879345,1.0,0.8532761597490643,False
123453,G47,1,1.0,0.12510940913005597,0.1935483870967742,0.590482278988724,1.0,0.8509912507728269,False
141398,L68,1,1.0,0.07871764185296402,0.4838709677419355,0.49303683658235536,1.0,0.8775766847190363,False
141259,L68,1,0.0,0.19744228190620344,0.3064516129032258,0.6025613509613705,0.1,0.20128563132871033,False
88620,L68,1,1.0,0.10253192348472065,0.4032258064516129,0.602703032010713,0.9,0.8670441016641784,False
31630,L68,1,0.0,0.11371994945509224,0.22580645161290322,0.6034187202553304,0.0,0.19061169137923795,False
112206,L68,1,1.0,0.04674186050404296,0.3548387096774194,0.5602688134783672,1.0,0.8742628514057492,False
20515,L68,1,1.0,0.15412460589136814,0.24193548387096775,0.5110275786233902,1.0,0.8443153840669989,False
95154,L68,1,1.0,0.09658142388742794,0.24193548387096775,0.5689949278991047,1.0,0.8571498875425161,False
17212,G46,1,0.0,0.06325161875092439,0.3548387096774194,0.594588346312348,0.0,0.20957504858209366,False
11169,L68,1,0.0,0.19940237298332725,0.22580645161290322,0.4984499383926198,0.0,0.1694282241135773,False
140567,L68,1,1.0,0.31077216769558647,0.3064516129032258,0.4644226929520507,0.9,0.8177891264621878,False
62533,G46,1,1.0,0.04727610386228921,0.25806451612903225,0.5908630689338742,0.9,0.8557390534667353,False
44005,L68,1,1.0,0.04886386528925534,0.3064516129032258,0.5669931040267981,1.0,0.8693978724045298,False
11170,L68,1,1.0,0.230104679455976,0.27419354838709675,0.4225944253319863,1.0,0.8296314771403454,False
58641,L68,1,1.0,0.1911585526705893,0.2903225806451613,0.44356284808769564,0.9,0.8269696528958076,False
40721,G46,1,0.0,0.25447556960917767,0.3387096774193548,0.36361739364742574,0.0,0.16087238905084478,False
106694,L68,1,1.0,0.10514073183880322,0.4032258064516129,0.5823052697018124,1.0,0.8755989271460691,False
88772,L68,1,0.0,0.09569148057792326,0.3387096774193548,0.5605635846645267,0.0,0.20039797572288426,False
131092,L68,1,1.0,0.008204161221491401,0.6774193548387096,0.5564368746647459,1.0,0.9139613409202182,False
92266,L68,1,1.0,0.10772752814502914,0.3064516129032258,0.4366357607225423,1.0,0.8483733161645266,False
81111,L68,1,0.0,0.21517690255180788,0.20967741935483872,0.5083943715998177,0.3,0.20032165426698317,False
18855,G47,1,1.0,0.1444640464609322,0.27419354838709675,0.5474893671469361,0.9,0.841913207674789,False
50746,L68,1,1.0,0.1302011725021716,0.3225806451612903,0.5629925029998228,1.0,0.8617079972954378,False
128475,L68,1,1.0,0.13518089984594805,0.3064516129032258,0.5384507500462702,1.0,0.8566357181226165,False
26109,L68,1,1.0,0.17319154903061793,0.3870967741935484,0.42425457670006206,1.0,0.8486844224292214,False
9,L68,1,0.0,0.18406732586916175,0.27419354838709675,0.5231652409921985,0.0,0.1792546070566815,False
20895,G46,1,1.0,0.1353920172918061,0.25806451612903225,0.5266207136178933,1.0,0.8499214680505687,False
135406,L68,1,1.0,0.18693122129859888,0.3548387096774194,0.45375965744974933,1.0,0.8468519050920633,False
49350,L68,1,1.0,0.22044576601954044,0.3064516129032258,0.5375134884722623,0.8,0.8248354817062163,False
115089,L68,1,1.0,0.19763694279449565,0.2903225806451613,0.46011212082314373,1.0,0.8391997509637565,False
95136,G46,1,0.0,0.0652279511136405,0.25806451612903225,0.5983447955519918,0.0,0.19902015117415373,False
109862,L68,1,1.0,0.08026207893702059,0.3225806451612903,0.5565466294343789,1.0,0.8665405772954053,False
125363,G46,1,0.0,0.07989857219600972,0.24193548387096775,0.5960486700843437,0.0,0.1953428424177002,False
16138,G46,1,1.0,0.0627427207177312,0.22580645161290322,0.5955485796500963,1.0,0.8620680345050299,False
117772,L68,1,0.0,0.14284168270538694,0.27419354838709675,0.5881025682188934,0.0,0.19105049265562257,False
49371,L68,1,1.0,0.107778370787691,0.3225806451612903,0.6059639946362638,1.0,0.8689740298899848,False
92735,G46,1,1.0,0.04631722565518736,0.3387096774193548,0.6149137135594892,0.9,0.8674784628137397,False
128950,G47,1,1.0,0.09507594576001885,0.3387096774193548,0.5840048144861649,1.0,0.869737616238389,False
100910,L68,1,1.0,0.14678375685322056,0.2903225806451613,0.5706489575340059,1.0,0.857131975702883,False
69999,L68,1,1.0,0.17663880660518919,0.2903225806451613,0.5297205371480231,1.0,0.849267145687555,False
7155,L68,1,0.0,0.24448167913493576,0.3064516129032258,0.5310286521368082,0.0,0.17699984287834425,False
29623,L68,1,1.0,0.15459659553486987,0.43548387096774194,0.5307894078840845,1.0,0.8679640759241063,False
136786,L68,1,1.0,0.08945204164770566,0.3225806451612903,0.5840838325511145,1.0,0.8685791595627443,False
82209,L68,1,1.0,0.11444230192898919,0.25806451612903225,0.5835758802992481,1.0,0.8585775660554769,False
147844,G47,1,1.0,0.0899001158071434,0.24193548387096775,0.5629264571939765,1.0,0.8572179805842001,False
84195,L68,1,0.0,0.057738230840609195,0.4032258064516129,0.6011008908689566,0.0,0.21628760738666225,False
22838,L68,1,0.0,0.13745026848074604,0.2903225806451613,0.5709370588682807,0.1,0.20264548567029958,False
55921,G47,1,1.0,0.11260767461273248,0.41935483870967744,0.5535707010355769,1.0,0.8733686516813912,False
19751,L68,1,0.0,0.2838242223689361,0.24193548387096775,0.36888843584014386,0.8,0.2363332997046862,False
34027,F42,1,0.0,0.1721418028418071,0.3709677419354839,0.5319163836551237,0.2,0.21452692474986673,False
114093,G46,1,1.0,0.15778841990029183,0.3225806451612903,0.43408103564745226,1.0,0.8443192512120501,False
59832,G46,1,0.0,0.12356164975718535,0.2903225806451613,0.58966043519438,0.0,0.19515792956470623,False
59468,L68,1,1.0,0.0697331523102467,0.2903225806451613,0.5063188621905197,1.0,0.8585453656139372,False
83243,G46,1,1.0,0.09712536090301606,0.2903225806451613,0.5627811528182441,1.0,0.8617753747289322,False
21078,L68,1,1.0,0.2892450926650961,0.46774193548387094,0.3915584922052332,1.0,0.8411172594471119,False
100452,G46,1,1.0,0.1179366924750454,0.3064516129032258,0.5158394762844372,0.8,0.8338171551902909,False
22355,G46,1,0.0,0.0797377704881948,0.3387096774193548,0.6044702313779335,0.0,0.20704912647878818,False
10266,F42,1,1.0,0.1028381799576814,0.3387096774193548,0.5812240849443711,0.3,0.7907883980451161,False
95053,L68,1,1.0,0.24299836844251604,0.3870967741935484,0.5835205838748323,1.0,0.8586243321806516,False
38492,G46,1,0.0,0.1425060507134082,0.3387096774193548,0.4784748369848094,0.0,0.18607538485452846,False
15843,G46,1,1.0,0.035174176125431965,0.43548387096774194,0.5537166512996892,1.0,0.8837807051268888,False
10468,G47,1,0.0,0.15278577969600668,0.3225806451612903,0.5086836047122635,0.0,0.18649760779750524,False
143222,G46,1,0.0,0.07700534773446642,0.41935483870967744,0.6016124366423252,0.0,0.21599576973528178,False
5773,G46,1,0.0,0.08401916039636498,0.3709677419354839,0.6007499199639367,0.5,0.2652998335003395,False
146406,G46,1,1.0,0.09382106277585675,0.2903225806451613,0.5248559355262654,1.0,0.857928605932841,False
59803,L68,1,1.0,0.08383195287107467,0.45161290322580644,0.5349298279599459,1.0,0.8780789753682975,False
25114,G46,1,0.0,0.0622395411176978,0.3870967741935484,0.6016634992851557,0.0,0.2140578591512229,False
5255,G46,1,1.0,0.055262825102564285,0.3548387096774194,0.5895381680618424,1.0,0.8765682280707442,False
55380,G46,1,0.0,0.060343625016261594,0.3387096774193548,0.5883048562725064,0.0,0.2074078787417333,False
66812,L68,1,0.0,0.14135219912799102,0.27419354838709675,0.5135756290998192,0.1,0.19404633092876944,False
72014,G46,1,1.0,0.05482989538533075,0.2903225806451613,0.5856957567092691,0.9,0.8579098268854555,False
138707,G46,1,0.0,0.1609480128672858,0.3225806451612903,0.45387046650093504,0.0,0.17950034431054884,False
43933,G46,1,0.0,0.21498758925164396,0.2903225806451613,0.3904007758220658,0.0,0.16285952969062034,False
98259,G46,1,0.0,0.07213830429144374,0.27419354838709675,0.5692912686752067,0.0,0.1968162791967622,False
41548,G46,1,1.0,0.0796679945843269,0.3064516129032258,0.5720408915499517,1.0,0.8665360566520945,False
58368,G46,1,1.0,0.04520798180371573,0.3709677419354839,0.5936910305637486,1.0,0.8799389767439463,False
30195,G47,1,1.0,0.06712797235977402,0.3709677419354839,0.5951524951616458,1.0,0.8776658071930394,False
36727,L68,1,0.0,0.13047635732359533,0.3709677419354839,0.5880001120472452,0.0,0.2031657218510149,False
79170,G46,1,0.0,0.0634292385042788,0.3387096774193548,0.6048236769686351,0.0,0.20890045732041237,False
116988,G47,1,1.0,0.03564478824557515,0.41935483870967744,0.5931627847785348,0.9,0.8752080928047374,False
134805,F42,1,0.0,0.1337018201348849,0.27419354838709675,0.4333922873991648,0.0,0.17487600173904186,False
61039,G46,1,1.0,0.054702431874405585,0.3548387096774194,0.5719735444614042,1.0,0.874678869140491,False
110466,G46,1,1.0,0.12386310025590003,0.5483870967741935,0.47985080014667403,1.0,0.8782638662961076,False
24140,G46,1,1.0,0.04632366798274936,0.4032258064516129,0.5846537434045538,1.0,0.8823950979859353,False
67568,G46,1,1.0,0.06207550856107785,0.3709677419354839,0.6008342162017923,1.0,0.8788584943973554,False
93890,G46,1,0.0,0.21052525150471196,0.2903225806451613,0.3980072074922133,0.0,0.16420050407029585,False
102403,L68,1,1.0,0.039612638036073636,0.43548387096774194,0.5693398982167772,1.0,0.8850234590164939,False
54625,G46,1,0.0,0.06056931639788171,0.3548387096774194,0.601238219923679,0.0,0.21061195702257962,False
59941,G46,1,1.0,0.03591658582075376,0.3709677419354839,0.603796801672278,1.0,0.8820942175318898,False
117639,L68,1,1.0,0.03601678972734743,0.3709677419354839,0.6058709611938871,1.0,0.8823135459335583,False
125209,F42,1,1.0,0.05655152312983367,0.4032258064516129,0.6036004089366991,0.4,0.8166971880287198,False
15858,G46,1,0.0,0.06408125894599391,0.3709677419354839,0.5950511774189553,0.0,0.21132640671204947,False
2993,G46,1,0.0,0.13458371136482325,0.24193548387096775,0.5796574162447561,0.0,0.1874454654167667,False
4834,G46,1,1.0,0.10816292416739175,0.3387096774193548,0.5599351604510457,1.0,0.8656091015225565,False
138788,G46,1,1.0,0.12151101042100693,0.3387096774193548,0.48866700719339234,0.5,0.80065174157686,False
113407,G47,1,0.0,0.024149915242209326,0.3870967741935484,0.60478931290186,0.4,0.26308179687257766,False
72108,G46,1,1.0,0.1615291076781821,0.3387096774193548,0.45068792804430524,0.9,0.8364298330872754,False
146878,G46,1,0.0,0.057765891620243204,0.3709677419354839,0.5980653040740156,0.0,0.21236301715436182,False
14454,F42,1,1.0,0.07646392604341541,0.3548387096774194,0.599033367761123,1.0,0.8752675723772363,False
30303,G46,1,1.0,0.04725901110609699,0.4032258064516129,0.6038824157936133,0.8,0.8622054679043477,False
85362,G47,1,1.0,0.13124223103603763,0.2903225806451613,0.4519253420419215,1.0,0.8456672990723383,False
146339,G47,1,0.0,0.13076016436734933,0.3709677419354839,0.48327757601199206,0.0,0.19149835039779184,False
122048,G46,1,1.0,0.1296747025639954,0.3387096774193548,0.5480736567185664,1.0,0.8619009590637696,False
36427,G46,1,0.0,0.06745635821725636,0.4032258064516129,0.5952458336837507,0.0,0.21455725354645636,False
12760,F42,1,1.0,0.03797673460096817,0.41935483870967744,0.5952030918487334,1.0,0.886286799550827,False
37680,G46,1,1.0,0.07695361908854952,0.3709677419354839,0.5943763818682218,1.0,0.8764878338572396,False
1691,G46,1,1.0,0.04183803544859695,0.3709677419354839,0.5960699111034389,0.9,0.8694666241767028,False
65557,F42,1,1.0,0.04191377523935428,0.3709677419354839,0.6042042270791205,1.0,0.8814731326416944,False
84443,G47,1,1.0,0.06136095435855008,0.3548387096774194,0.5872019040341205,0.9,0.8645199621503322,False
71276,G47,1,1.0,0.05743720125582597,0.4032258064516129,0.5802366449664802,0.9,0.8695583611291409,False
22351,G46,1,0.0,0.014831198778617695,0.41935483870967744,0.5946266016596933,0.0,0.22212780462119477,False
1273,G47,1,1.0,0.13619198088960277,0.25806451612903225,0.5134872299658433,0.9,0.8372621961339193,False
28012,G46,1,1.0,0.13459674520861048,0.3225806451612903,0.4317782902176953,1.0,0.846640243352264,False
118163,G47,1,1.0,0.1396985194919228,0.3709677419354839,0.4775526910186666,1.0,0.8565357681624698,False
90461,G47,1,1.0,0.12594547190398653,0.3387096774193548,0.4922369758286039,0.9,0.8450001312604414,False
134148,G46,1,0.0,0.05758987221865844,0.3870967741935484,0.5697040704509411,0.0,0.21102344138064788,False
26495,G46,1,1.0,0.003750250275993308,0.7258064516129032,0.6037455765555675,1.0,0.9250890864324975,False
77929,G46,1,1.0,0.11504386169667329,0.5,0.5034167148540596,1.0,0.876485872573043,False
38880,F42,1,1.0,0.059563337062281736,0.4032258064516129,0.5991941797509415,1.0,0.8825396276822526,False
90384,F42,1,1.0,0.05698292038203281,0.3709677419354839,0.5668866217205684,0.9,0.8645412714748911,False
43327,G47,1,1.0,0.047869506075290655,0.3709677419354839,0.5935118310528444,0.9,0.8685122296570043,False
91282,F42,1,1.0,0.05410323435756959,0.43548387096774194,0.5801241781940614,0.4,0.8179449794226927,False
110759,G46,1,0.0,0.048052130054849394,0.3709677419354839,0.6044363738752909,0.0,0.21415022063954725,False
124123,F42,1,1.0,0.0457546883404997,0.3548387096774194,0.6049793019872063,1.0,0.8793403692582361,False
27849,F42,1,1.0,0.18990394537921326,0.3870967741935484,0.4330782446647865,0.9,0.8366967859421246,False
55719,G47,1,1.0,0.12831483560623255,0.3548387096774194,0.4774411558051629,1.0,0.8559961144307056,False
33138,L68,1,1.0,0.0034682773761575093,0.7741935483870968,0.6089529654666337,1.0,0.9310753596086193,False
64007,L68,1,0.0,0.13159728116418498,0.4032258064516129,0.48905604723939594,0.5,0.25118717472520263,False
132208,G47,1,0.0,0.035077558205990914,0.41935483870967744,0.5704833425614156,0.5,0.2727511803405669,False
130839,G46,1,1.0,0.04490395599897063,0.3709677419354839,0.6114146781965546,1.0,0.8819420515703409,False
42714,G47,1,0.0,0.05095741628537051,0.3870967741935484,0.6171109908033363,0.0,0.2170278165235016,False
102290,G47,1,1.0,0.04604185718907157,0.3870967741935484,0.5970899147488828,0.7,0.8486827590837066,False
123775,F42,1,1.0,0.09252106912463391,0.41935483870967744,0.5040979965543245,1.0,0.8701035295710409,False
8077,G46,1,0.0,0.125984986431639,0.3064516129032258,0.5499114180380298,0.1,0.2033753382788463,False
36306,G47,1,0.0,0.06722271453945473,0.3548387096774194,0.5984378994533737,0.0,0.20956154384348202,False
113679,G46,1,0.0,0.0274732927455713,0.43548387096774194,0.5983922499249139,0.0,0.2229336475718983,False
74043,F42,1,1.0,0.02853881219831116,0.41935483870967744,0.5958887987186496,1.0,0.8874116472477795,False
105487,G46,1,1.0,0.05545536036218485,0.3548387096774194,0.6024688539249634,1.0,0.8779835781377998,False
105532,F42,1,0.0,0.07373175427733657,0.3709677419354839,0.5937370833415583,0.0,0.21010811899996729,False
116559,F42,1,1.0,0.05846888231342712,0.43548387096774194,0.5989410367958299,0.9,0.8751062250500161,False
149292,F42,1,0.0,0.042389744176540664,0.4032258064516129,0.5870744366159224,0.0,0.21643449987677718,False
45750,F42,1,1.0,0.07446991425795255,0.6290322580645161,0.5168724092310115,1.0,0.8968260836708417,False
79211,G46,1,1.0,0.08102307009737805,0.3870967741935484,0.6006441042905417,1.0,0.8785242009318569,False
147500,G46,1,0.0,0.036895604814833644,0.3709677419354839,0.5737774853435562,0.0,0.21198329138491184,False
94705,F42,1,0.0,0.06477959046952644,0.4032258064516129,0.6137336325883496,0.0,0.21690887206338177,False
68675,G46,1,1.0,0.034852583280137996,0.3709677419354839,0.5930846600907804,0.9,0.8699110909717919,False
149693,G47,1,1.0,0.05056610358848649,0.45161290322580644,0.5908443930854701,1.0,0.8879879103025322,False
104078,F42,1,1.0,0.05655986840764947,0.3548387096774194,0.6059468170534262,1.0,0.878247295369244,False
144888,G47,1,1.0,0.10095212105240135,0.46774193548387094,0.4895466022529345,1.0,0.8729262685204894,False
117524,G47,1,1.0,0.09343073634360229,0.5967741935483871,0.501605647804098,1.0,0.8894387894454314,False
88325,G46,1,1.0,0.10497818510557062,0.5806451612903226,0.48010321178389664,1.0,0.8839744653298499,False
68695,G46,1,0.0,0.07546125356776504,0.3387096774193548,0.5785093663828436,0.0,0.2046397544704926,False
126516,G46,1,1.0,0.05665749625964964,0.3870967741935484,0.6055953426742953,1.0,0.8817816245120215,False
16890,G46,1,0.0,0.056203786194658455,0.4032258064516129,0.5685707942241701,0.0,0.2128436460534583,False
105237,F42,1,1.0,0.003871045731418893,0.8225806451612904,0.5886093337272746,1.0,0.9341465481285718,False
18919,G47,1,1.0,0.10328488523818215,0.3870967741935484,0.5260087730354788,1.0,0.8677578513323161,False
83302,G47,1,1.0,0.0704741962191617,0.3870967741935484,0.5742486256864268,1.0,0.8767634670734237,False
37917,G46,1,1.0,0.003199857565958908,0.7580645161290323,0.5903445863968108,1.0,0.9272454716622094,False
60130,G46,1,0.0,0.03428575334721886,0.3870967741935484,0.6094421252539518,0.3,0.251361460677809,False
75113,G46,1,1.0,0.12376247083442193,0.3548387096774194,0.5041726012241674,1.0,0.8594720933407961,False
32326,F42,1,1.0,0.049198033443658654,0.43548387096774194,0.5961868982593064,1.0,0.8869414150870433,False
13288,G46,1,0.0,0.06256785980360098,0.3709677419354839,0.6050204276760331,0.0,0.21260225664532398,False
58918,G46,1,0.0,0.12627600653186488,0.3709677419354839,0.600045879935301,0.0,0.20497084614876887,False
88182,F42,1,1.0,0.044346717030325986,0.4032258064516129,0.5718454156135973,0.5,0.8256360561149871,False
63181,G47,1,1.0,0.05253747743222294,0.3870967741935484,0.6122732481485467,1.0,0.8829813938788748,False
108065,F42,1,1.0,0.0710238978083737,0.3870967741935484,0.5852761995415992,0.9,0.8668165639918638,False
19288,G47,1,1.0,0.16076457725312235,0.3548387096774194,0.4964721199650441,1.0,0.8545051391543712,False
91769,G46,1,1.0,0.0026314632570462594,0.8064516129032258,0.601972753157778,1.0,0.9339769892004397,False
125705,G46,1,0.0,0.09619861767351488,0.3225806451612903,0.593104135418878,0.0,0.20216512921185037,False
94093,G46,1,1.0,0.13479713189525525,0.3709677419354839,0.5410576843282424,1.0,0.8641364771520523,False
60793,G47,1,1.0,0.06309430127438885,0.3709677419354839,0.5072096663296034,1.0,0.868342567443411,False
81108,G46,1,0.0,0.03883857382789663,0.3064516129032258,0.6064371252526741,0.0,0.2082277960364448,False
1913,G46,1,1.0,0.03407864548990252,0.41935483870967744,0.5789995764889859,1.0,0.88491952996764,False
17688,F42,1,1.0,0.08771328135633133,0.4838709677419355,0.5231729193050461,0.9,0.8688145117434057,False
133266,G46,1,1.0,0.07113609653747428,0.5483870967741935,0.4878223005878498,1.0,0.8850081445360634,False
144703,G46,1,1.0,0.032536742270208016,0.7419354838709677,0.5702853054561956,1.0,0.9199648941174394,False
57833,G47,1,0.0,0.1111208194501855,0.3870967741935484,0.5941903590487976,0.0,0.20779625708801783,False
84616,G46,1,0.0,0.03753002006800134,0.43548387096774194,0.5903976803143673,0.0,0.22092794791267867,False
77704,G47,1,0.0,0.07015535192007218,0.3387096774193548,0.537392447296601,0.4,0.24510519697732042,False
105204,G46,1,1.0,0.09525791722029416,0.43548387096774194,0.5488291685134955,1.0,0.8765616802512158,False
100031,G46,1,0.0,0.04238924969907047,0.3548387096774194,0.5586566012202876,0.2,0.23012289568873742,False
43909,F42,1,1.0,0.04757452266233914,0.4032258064516129,0.5822241817131703,0.8,0.8597639406113826,False
110077,F42,1,1.0,0.028818966475123872,0.4032258064516129,0.5989017446262799,1.0,0.8859231760669743,False
81094,G46,1,1.0,0.03653415703650656,0.5,0.5922414696566118,1.0,0.8950785902911229,False
54299,G46,1,0.0,0.10797245533729369,0.3870967741935484,0.6036933358066756,0.0,0.20920196162921448,False
66516,G47,1,0.0,0.05600094231895938,0.3709677419354839,0.6024572395791397,0.0,0.21304711546618493,False
44400,G47,1,1.0,0.1594409869624732,0.3870967741935484,0.432275499089115,1.0,0.8511034762577988,False
122599,L68,1,1.0,0.06688517442642503,0.4032258064516129,0.6078383794675961,1.0,0.8826865568325315,False
31135,G46,1,1.0,0.09325091050230305,0.41935483870967744,0.5680067403044187,0.6,0.832678963167977,False
15610,G47,1,1.0,0.12023581651899687,0.43548387096774194,0.5510468027119608,1.0,0.8740327619067452,False
58180,G47,1,1.0,0.05298334458267586,0.41935483870967744,0.5693254553287876,0.8,0.8595218832728654,False
38299,G46,1,1.0,0.05643566033729879,0.4838709677419355,0.5924792206955825,1.0,0.8911016142333578,False
141128,G47,1,1.0,0.05323532589275718,0.43548387096774194,0.5517728544718618,0.7,0.8482245999496496,False
33046,G46,1,1.0,0.04180281125491052,0.3870967741935484,0.5716927185003322,1.0,0.8796651868265521,False
93501,G46,1,1.0,0.038511140334837185,0.4032258064516129,0.5629359793443033,1.0,0.8808500717178976,False
46359,G46,1,1.0,0.04138475613735137,0.41935483870967744,0.6014532665594072,0.6,0.8421581499035258,False
48350,L68,1,1.0,0.057669312005501155,0.4838709677419355,0.563213876131916,1.0,0.8877128368742612,False
97963,G46,1,1.0,0.037021190197273006,0.3870967741935484,0.5736185784301657,1.0,0.8804104624918268,False
110516,F42,1,1.0,0.05697541376828731,0.41935483870967744,0.5715501721152829,1.0,0.881547733006297,False
123149,G47,1,1.0,0.05631493502186821,0.4032258064516129,0.5778959008950524,1.0,0.8805340858138664,False
93617,G47,1,1.0,0.20047510268053897,0.41935483870967744,0.4170483850178779,1.0,0.8484364578941128,False
93567,G46,1,1.0,0.08420259352470601,0.4032258064516129,0.5564488114044808,0.7,0.8417191138145986,False
39253,G47,1,0.0,0.0448911463815865,0.4032258064516129,0.6116384036962887,0.0,0.21888589597403502,False
79344,G47,1,1.0,0.07313826337867294,0.45161290322580644,0.5590664684590765,1.0,0.8819490120340233,False
65536,G46,1,1.0,0.038465272480920625,0.4838709677419355,0.5738868512821443,0.9,0.879921394060351,False
103403,G46,1,1.0,0.05857727582754424,0.43548387096774194,0.5854079857216037,1.0,0.8847016200957557,False
119826,G46,1,1.0,0.2089881612010057,0.3870967741935484,0.5912822900166124,0.9,0.8521545447787949,False
41343,G47,1,1.0,0.042359194499803694,0.4032258064516129,0.5927182605224042,1.0,0.8837316524971348,False
143527,L68,1,0.0,0.14763999944924336,0.3870967741935484,0.6044702313779335,0.0,0.20488077845802652,False
1544,G47,1,1.0,0.08330202777730897,0.3870967741935484,0.5531317438949568,1.0,0.8729918322567995,False
100314,G47,1,1.0,0.25795151863844756,0.45161290322580644,0.4252641882286996,1.0,0.8465472858684508,False
121400,F42,1,1.0,0.05076445060555876,0.4032258064516129,0.614448134696411,1.0,0.8852121656158294,False
140758,F42,1,1.0,0.044813072779833964,0.41935483870967744,0.601394363695391,1.0,0.8862151255139149,False
88953,G47,1,1.0,0.04412254275401454,0.4838709677419355,0.570499157252234,1.0,0.8900275091377949,False
90724,G46,1,0.0,0.04809225920488509,0.3709677419354839,0.613684069816311,0.4,0.25961772806076777,False
62417,G47,1,1.0,0.13956533722518336,0.3387096774193548,0.5207274524330197,0.8,0.8355413102919101,False
90360,G47,1,1.0,0.10635777861860955,0.3870967741935484,0.5892585133771076,0.6,0.829999723216894,False
51669,G47,1,1.0,0.1517448253178843,0.3870967741935484,0.5898675695003074,1.0,0.8694688353751079,False
126328,G47,1,0.0,0.12106401032369689,0.5,0.5428356419703788,0.0,0.21353018129407578,False
80116,G46,1,1.0,0.08836974064678454,0.43548387096774194,0.5666223158820657,1.0,0.8793040495781137,False
93679,G47,1,1.0,0.21236736165494163,0.43548387096774194,0.4230365014583949,1.0,0.849572556752355,False
44163,G47,1,1.0,0.06338346939991954,0.41935483870967744,0.5776989755616719,1.0,0.8815189272079366,False
28833,L68,1,0.0,0.20147413646360027,0.20967741935483872,0.4704909521832763,0.0,0.16429935945272386,False
7066,L68,1,1.0,0.050108254105935196,0.3387096774193548,0.5664175604263808,1.0,0.8727798870822,False
93192,L68,1,1.0,0.04248488373959652,0.6774193548387096,0.5307323122620171,1.0,0.9072963092623478,False
30810,G47,1,1.0,0.1972318054223129,0.1774193548387097,0.5967003188192432,1.0,0.84187642980396,False
51502,L68,1,1.0,0.07611353259201852,0.3387096774193548,0.5613869631799319,1.0,0.869331456445252,False
100448,G47,1,1.0,0.12385771885764155,0.14516129032258066,0.5255783608248235,1.0,0.8385424369210849,False
15323,G47,1,1.0,0.1448568084319893,0.16129032258064516,0.6040957430229548,0.7,0.8133921396857344,False
32523,L68,1,1.0,0.1269558410806484,0.22580645161290322,0.470767092290966,1.0,0.8410686336470246,False
21129,L68,1,0.0,0.07577484891610281,0.3064516129032258,0.5235155422629035,0.0,0.19491025625000294,False
32689,L68,1,0.0,0.07673646191839964,0.3387096774193548,0.5881012779762326,0.0,0.2055638326085764,False
87836,L68,1,1.0,0.0796732741342546,0.3225806451612903,0.4992650983714882,1.0,0.8602413854887249,False
103102,G46,1,0.0,0.09674097290126278,0.22580645161290322,0.6046330834155349,0.0,0.19263317356968612,False
56721,L68,1,1.0,0.33951016830527964,0.3225806451612903,0.37054170795674735,1.0,0.8170680205347509,False
115073,G47,1,1.0,0.24630536788616542,0.3387096774193548,0.36389186203791,1.0,0.8284773523967889,False
96424,G46,1,0.0,0.1450274626986784,0.25806451612903225,0.4584547150390061,0.0,0.17461019649659554,False
7714,L68,1,1.0,0.13618504563004286,0.3064516129032258,0.5698368301291752,1.0,0.860011488600262,False
114207,L68,1,1.0,0.10579624321562554,0.25806451612903225,0.5688569997645174,1.0,0.8579028080753249,False
148202,L68,1,0.0,0.06413164891214576,0.27419354838709675,0.5985923043391523,0.0,0.20096157820156704,False
85449,G46,1,1.0,0.13964719871860062,0.22580645161290322,0.5703901309094372,1.0,0.8507277093115265,False
108235,G47,1,1.0,0.15893205836263471,0.27419354838709675,0.5507141489118486,1.0,0.8517750709929234,False
127265,L68,1,0.0,0.10279006470798023,0.24193548387096775,0.5791219406834898,0.0,0.19091859553849747,False
135568,L68,1,1.0,0.08484396354262369,0.2903225806451613,0.5928903982312901,1.0,0.8664854461482031,False
139138,G46,1,0.0,0.16124175836812393,0.22580645161290322,0.5908822677923329,0.0,0.18393855122634578,False
108307,L68,1,1.0,0.2543387096958108,0.2903225806451613,0.4498080182622335,1.0,0.8317546543568427,False
7133,L68,1,0.0,0.10796940893333616,0.2903225806451613,0.5816662810239701,0.0,0.19600216141508836,False
31184,L68,1,1.0,0.08098992031040345,0.3709677419354839,0.5385739696136858,1.0,0.8698390879154184,False
33952,G46,1,1.0,0.1575529568030491,0.20967741935483872,0.5966160842878034,1.0,0.8498600607599548,False
12506,F42,1,1.0,0.23693544765961053,0.3709677419354839,0.395973388701642,1.0,0.8366672981086128,False
138776,L68,1,0.0,0.16579870733500723,0.3548387096774194,0.528675709758525,0.0,0.19085730134454856,False
145697,L68,1,1.0,0.1847812022454852,0.4032258064516129,0.5019674916630598,1.0,0.8578235662076875,False
59090,G47,1,0.0,0.10106049801194363,0.3387096774193548,0.6022912564499252,0.0,0.20443782620637072,False
133556,G47,1,0.0,0.07422940146589146,0.3548387096774194,0.6067009948923652,0.0,0.20970114478932145,False
2252,G46,1,1.0,0.04630537630488186,0.3709677419354839,0.5710972040149653,1.0,0.8773066188495076,False
143928,L68,1,0.0,0.23243014898401135,0.3870967741935484,0.5978437560169754,0.0,0.1947233756918347,False
52987,G46,1,0.0,0.12270044733273261,0.24193548387096775,0.5166785023268776,0.0,0.18176817098501252,False
116524,G46,1,0.0,0.0512748013206188,0.24193548387096775,0.6050406042894501,0.0,0.19952236520442213,False
133403,G46,1,0.0,0.06851160732212336,0.3870967741935484,0.6052104469115198,0.0,0.21375506819810497,False
36052,L68,1,1.0,0.09176056582663777,0.27419354838709675,0.5686375203679849,1.0,0.8612300558809383,False
65415,L68,1,1.0,0.08321979878458795,0.3387096774193548,0.6010600516886169,1.0,0.8729499922581537,False
24486,L68,1,1.0,0.05263425402746423,0.22580645161290322,0.6033146812385646,1.0,0.8640540976471115,False
37524,L68,1,1.0,0.061874142313912174,0.3870967741935484,0.5889479712134542,0.7,0.8460189558992323,False
9725,G47,1,0.0,0.09078208457602631,0.3709677419354839,0.5403437473351487,0.0,0.20228104496606736,False
108116,G46,1,1.0,0.08134312733557524,0.2903225806451613,0.597516740559017,1.0,0.8673884659854003,False
92669,G46,1,1.0,0.07799662230199335,0.3709677419354839,0.5917166628237218,1.0,0.8760764202730236,False
82053,G46,1,1.0,0.1343452070857968,0.3548387096774194,0.44282779181607823,1.0,0.8514801438230778,False
138761,F42,1,0.0,0.06211107727284642,0.3548387096774194,0.6038730817094734,0.0,0.21073341267933848,False
34858,G47,1,1.0,0.214159499616008,0.22580645161290322,0.41314569472651363,1.0,0.8249769607470454,False
101952,G46,1,1.0,0.03541090298618983,0.3709677419354839,0.6028481917721682,1.0,0.8820450034134958,False
141724,G46,1,1.0,0.10299321712224302,0.3870967741935484,0.5696233786633984,1.0,0.8726363261927448,False
123720,G46,1,1.0,0.05985336675191338,0.3548387096774194,0.6165679317095686,1.0,0.8790614749594527,False
116695,G46,1,1.0,0.06560307790805273,0.3870967741935484,0.5882602773646537,1.0,0.8788615526277943,False
145394,G47,1,1.0,0.06448576961937524,0.3870967741935484,0.5945155675102134,0.8,0.8574585080093762,False
82465,G46,1,0.0,0.08953942580088467,0.3548387096774194,0.5409031088051282,0.2,0.2229113769646292,False
92509,G46,1,1.0,0.06697148348135647,0.4032258064516129,0.5856169620806916,0.9,0.8690968094501054,False
83410,F42,1,0.0,0.061318343139871404,0.4032258064516129,0.6040883340565457,0.0,0.21622175526314302,False
114502,G46,1,1.0,0.05428103093047126,0.4032258064516129,0.5680699535752524,0.9,0.8685571921218216,False
46892,G46,1,1.0,0.12360388972920698,0.3548387096774194,0.4699798645819523,1.0,0.8556905205033516,False
19306,G47,1,1.0,0.054123118876906295,0.24193548387096775,0.5638118211543255,1.0,0.8612915762387097,False
46864,G46,1,0.0,0.06165565049709659,0.24193548387096775,0.5947440821831963,0.0,0.19722487950634082,False
69706,F42,1,0.0,0.05766085239962314,0.3870967741935484,0.6075093539249639,0.0,0.21521614174654324,False
112043,L68,1,1.0,0.0375239891172583,0.43548387096774194,0.5927188875957085,1.0,0.8878531966051324,False
16131,L68,1,1.0,0.24839917884876833,0.3870967741935484,0.3758781397386566,1.0,0.8349528594537152,False
5893,G46,1,0.0,0.11482597720813006,0.4032258064516129,0.5016134719027785,0.0,0.19889036679402905,False
7163,F42,1,1.0,0.07852916694154327,0.3709677419354839,0.602358510368824,1.0,0.8771996761514184,False
91415,L68,1,1.0,0.028725678823012555,0.41935483870967744,0.5758622125171284,0.9,0.8740545969337548,False
130795,G46,1,1.0,0.03510879213309335,0.3709677419354839,0.5991277293390024,1.0,0.8816651865712659,False
49566,F42,1,1.0,0.05180487338412556,0.3870967741935484,0.5889396789436242,1.0,0.8804701755281162,False
110697,G46,1,0.0,0.04146700406558177,0.3709677419354839,0.5973152797474945,0.0,0.21409066862415516,False
14530,G46,1,0.0,0.16072819997597046,0.45161290322580644,0.478703449621457,0.2,0.21884312809681034,False
99292,G46,1,0.0,0.0560275942550608,0.41935483870967744,0.6009515296227905,0.0,0.21825319711971192,False
42070,F42,1,1.0,0.04112769550338221,0.4032258064516129,0.5824617743199365,1.0,0.8827288761409074,False
112779,F42,1,1.0,0.14707770528024505,0.3870967741935484,0.4194003353474557,0.8,0.8288243782511954,False
139688,L68,1,0.0,0.09440114181750715,0.3870967741935484,0.5596195269812068,0.4,0.2502572399285831,False
4277,F42,1,0.0,0.21590884134227198,0.4838709677419355,0.361475469631634,0.0,0.18104862178125528,False
36786,G46,1,1.0,0.08362731930974117,0.3548387096774194,0.5161767046944186,1.0,0.8652653438957886,False
92436,F42,1,1.0,0.14176727861539962,0.5967741935483871,0.4297750748339243,1.0,0.876086887751879,False
55673,G46,1,1.0,0.16629835704805299,0.3709677419354839,0.47639566036469194,1.0,0.8534516716946804,False
72509,L68,1,0.0,0.039551883600877635,0.3870967741935484,0.5941752224086063,0.0,0.21574667922236412,False
17279,G46,1,1.0,0.05173551666963017,0.3548387096774194,0.6006135704567142,1.0,0.8781907514960559,False
78385,G46,1,1.0,0.20100278265222812,0.3225806451612903,0.34969273828731295,1.0,0.8301411778662638,False
55677,F42,1,1.0,0.13536234866383123,0.3548387096774194,0.5915073262935187,1.0,0.8678870763674563,False
54570,L68,1,1.0,0.07038017835530798,0.43548387096774194,0.6027323608038493,1.0,0.8853151170462538,False
45618,G47,1,0.0,0.050094806152348556,0.3870967741935484,0.5897768429035742,0.2,0.2363087567716416,False
99552,G46,1,1.0,0.03931853142918792,0.4032258064516129,0.5860386386182938,1.0,0.8833273237378576,False
104575,G46,1,1.0,0.033035678366071346,0.3548387096774194,0.6105756568507246,0.9,0.8702642986846747,False
85292,F42,1,1.0,0.10604481262209894,0.3548387096774194,0.5705247041382149,1.0,0.8688131779103928,False
60536,G47,1,1.0,0.11007090932730466,0.3870967741935484,0.5805311999709304,1.0,0.8730618960930193,False
15091,G46,1,1.0,0.07890808844184322,0.46774193548387094,0.5205488870153087,1.0,0.8788203037841485,False
18857,G46,1,0.0,0.08443406747311352,0.3709677419354839,0.6080403928744398,0.0,0.21050822970409,False
87488,F42,1,1.0,0.0242363028042729,0.4838709677419355,0.5787091557757673,1.0,0.8931493134126034,False
31980,G46,1,1.0,0.019680618417329064,0.4032258064516129,0.5977143456094145,1.0,0.8868066148492999,False
45511,G46,1,0.0,0.14303262620438853,0.3225806451612903,0.47196281254746625,0.0,0.18350120350048535,False
75921,F42,1,1.0,0.011426382822373704,0.532258064516129,0.5550148020068935,1.0,0.8973162759667387,False
24382,G46,1,0.0,0.055301598533825096,0.3870967741935484,0.5363873979311725,0.1,0.21868695262121063,False
82493,G47,1,0.0,0.07550600454725274,0.3870967741935484,0.6001445033937685,0.0,0.2124150303377849,False
45387,F42,1,1.0,0.041829063661673285,0.41935483870967744,0.5958943655451097,0.7,0.8526022378436793,False
27832,G46,1,0.0,0.05782205163908743,0.4032258064516129,0.6075229130319381,0.4,0.2614362964271626,False
123568,G46,1,0.0,0.09518999612221489,0.3548387096774194,0.6005831623894697,0.0,0.20669243066051937,False
16665,G46,1,0.0,0.06952206412640684,0.45161290322580644,0.6009175233765858,0.0,0.2203342624973317,False
55451,F42,1,0.0,0.24066295182152356,0.27419354838709675,0.38003439192547717,0.0,0.1570627764990056,False
26437,F42,1,0.0,0.08932728777020878,0.2903225806451613,0.5619523346546573,0.0,0.1958830697255122,False
116076,G46,1,0.0,0.11350125876012054,0.3870967741935484,0.45488554048789537,0.0,0.19205345065792478,False
144213,G46,1,1.0,0.04580613894382212,0.3709677419354839,0.61124060943702,1.0,0.8818224680476313,False
79483,G47,1,0.0,0.09768643817067964,0.3548387096774194,0.5601524717494835,0.0,0.20192274925069148,False
109902,G47,1,1.0,0.032169517236102785,0.3709677419354839,0.6124908459820678,1.0,0.8834765634090499,False
102999,G46,1,1.0,0.027684328829180923,0.4032258064516129,0.597105773777014,1.0,0.8858496945999385,False
96776,F42,1,1.0,0.07826959386734873,0.3709677419354839,0.5489293589828099,1.0,0.8712919452278828,False
10871,G47,1,1.0,0.09201642305060782,0.5645161290322581,0.5507717788286517,1.0,0.8914746094233669,False
141812,F42,1,0.0,0.060167989755909465,0.41935483870967744,0.5789502498868029,0.0,0.2153485665378412,False
143179,G46,1,0.0,0.049212886601872737,0.3870967741935484,0.598766870762046,0.4,0.25962786203930244,False
77741,G46,1,0.0,0.06259957330657868,0.3870967741935484,0.5911825519564381,0.4,0.2572977503159342,False
149657,L68,1,1.0,0.07742043737533785,0.41935483870967744,0.5761490407194066,0.7,0.8464537157837495,False
37016,G46,1,0.0,0.06663457240664492,0.3870967741935484,0.6035512238403221,0.0,0.21377926951413617,False
67893,G46,1,1.0,0.0925954733082144,0.3548387096774194,0.5505367473286613,1.0,0.8680866648553185,False
74625,G46,1,1.0,0.005605750565199519,0.7419354838709677,0.6014434367369289,1.0,0.9264192411158554,False
145231,G46,1,1.0,0.10764046134147125,0.5,0.4952409137584528,1.0,0.8764000502685535,False
112897,G47,1,0.0,0.05066372644080398,0.3709677419354839,0.5875340512188634,0.0,0.2119820074126159,False
44681,F42,1,1.0,0.07673821368848888,0.4032258064516129,0.5930447370523619,1.0,0.8799480366461652,False
41547,G46,1,0.0,0.06728963881588286,0.3870967741935484,0.6101172044134348,0.0,0.2144360377545667,False
6423,F42,1,0.0,0.0594923889291007,0.3709677419354839,0.555967739812974,0.0,0.2074936769799286,False
74582,G47,1,1.0,0.09136184198852378,0.4032258064516129,0.600980712051242,1.0,0.8792049640571479,False
70258,F42,1,1.0,0.0016060638486022185,0.8387096774193549,0.5721885856454534,1.0,0.9343657999129119,False
40961,G47,1,1.0,0.07243381635993927,0.3387096774193548,0.5852702135629334,0.7,0.8390606749580388,False
37640,G46,1,0.0,0.11284329600740696,0.3709677419354839,0.5959773261320724,0.0,0.20601130800668327,False
93760,G46,1,1.0,0.024502146367217918,0.43548387096774194,0.6044863274777637,0.8,0.8683853391198098,False
138516,F42,1,0.0,0.1347663297650029,0.3548387096774194,0.5654211447990614,0.0,0.19838816941238643,False
46400,G47,1,1.0,0.11834696434098019,0.3870967741935484,0.5270218071296875,1.0,0.8661968463313617,False
67424,G46,1,1.0,0.006585925822529181,0.7580645161290323,0.5906613802363314,0.9,0.9157933300603148,False
136315,F42,1,1.0,0.04205786757443008,0.3548387096774194,0.6113145794237418,1.0,0.8804550468363035,False
4989,F42,1,0.0,0.0661687648230131,0.3064516129032258,0.5509126419603558,0.0,0.19902172111561872,False
117182,F42,1,1.0,0.080942845034385,0.4032258064516129,0.5878591882269445,1.0,0.8789046832937969,False
85759,G46,1,0.0,0.04324617428674799,0.4032258064516129,0.6015822165644447,0.0,0.21795131652547883,False
78946,G47,1,1.0,0.10788067566986533,0.2903225806451613,0.4876923012412977,1.0,0.8522371340240659,False
28513,G46,1,0.0,0.06480836131071141,0.4032258064516129,0.6007432587571704,0.0,0.2154623004331191,False
119114,G46,1,0.0,0.11883904049874046,0.3870967741935484,0.6113197745672536,0.0,0.20884194536245126,False
14874,G47,1,1.0,0.06035767265355144,0.41935483870967744,0.5943698106683054,0.8,0.8614852196360478,False
135341,G47,1,0.0,0.049496518313541744,0.41935483870967744,0.5936427225501204,0.0,0.218166782549584,False
120393,G46,1,0.0,0.17818040368597984,0.3225806451612903,0.37126615778864724,0.0,0.16840737769599531,False
147932,G46,1,0.0,0.04424306932702752,0.45161290322580644,0.598457953383396,0.0,0.2228697541424639,False
116965,G46,1,0.0,0.06031214046702767,0.3709677419354839,0.6072412762080652,0.5,0.2686552086307246,False
141694,G46,1,1.0,0.13790967960521333,0.3548387096774194,0.48608366393050306,1.0,0.8558902993336344,False
33023,G47,1,1.0,0.024355987167411063,0.43548387096774194,0.6002770604077683,1.0,0.890156104912011,False
139546,G46,1,1.0,0.10288057945600547,0.6612903225806451,0.42643917563851275,1.0,0.887205435418128,False
73791,F42,1,1.0,0.04221391734694846,0.43548387096774194,0.5866944096645335,1.0,0.8866627070317029,False
16818,F42,1,0.0,0.09866376055289876,0.3064516129032258,0.6086510993041119,0.0,0.20182655018382656,False
137367,F42,1,1.0,0.022916680567195088,0.45161290322580644,0.596278506001571,1.0,0.8916638587400203,False
43607,F42,1,1.0,0.08134091681143758,0.4032258064516129,0.6016278814677387,1.0,0.8803903079008794,False
122368,G46,1,1.0,0.05701762140874854,0.3870967741935484,0.5894815537540482,1.0,0.8799511896154275,False
98353,G46,1,1.0,0.06233812079110964,0.41935483870967744,0.5680371124038521,1.0,0.880561536702491,False
60637,G47,1,1.0,0.06785877332516979,0.3709677419354839,0.5614544193869515,1.0,0.8738403764441407,False
75,G46,1,1.0,0.04260756006327319,0.41935483870967744,0.581890809827341,1.0,0.8842931209415271,False
18727,F42,1,1.0,0.07612174333929632,0.43548387096774194,0.5879404183862874,1.0,0.8830336162238592,False
10445,F42,1,1.0,0.04516460155353553,0.6290322580645161,0.5491511069919284,0.9,0.8925576403892121,False
118047,G46,1,1.0,0.04134487802181364,0.43548387096774194,0.5976207304658232,1.0,0.8879733026013057,False
130886,F42,1,1.0,0.07578343469211882,0.4032258064516129,0.5996532665707393,1.0,0.8807884042589147,False
55444,F42,1,1.0,0.04443594483786609,0.4032258064516129,0.5799430281254927,0.7,0.8487480988599156,False
3669,G46,1,1.0,0.13637795976280756,0.3387096774193548,0.4671566213203076,1.0,0.8521653709974283,False
122320,G46,1,0.0,0.031152679441753258,0.41935483870967744,0.6030420949544903,0.2,0.24347158380249048,False
115960,G46,1,1.0,0.1051656206069112,0.4838709677419355,0.532423623132825,1.0,0.879014330029761,False
37262,F42,1,1.0,0.031167121199628355,0.3709677419354839,0.6059379669658798,1.0,0.8828598430779706,False
131402,G47,1,1.0,0.0049837607203533805,0.7419354838709677,0.5746525139056942,1.0,0.9235115818951454,False
31783,F42,1,1.0,0.032360365742407395,0.41935483870967744,0.5987606034459879,0.8,0.8650838973792507,False
67345,G47,1,1.0,0.0972381590407538,0.3548387096774194,0.5853805545223152,1.0,0.8714423450176645,False
116620,G47,1,1.0,0.09748517865227246,0.3870967741935484,0.4986393398929197,1.0,0.8653612150482439,False
53398,G46,1,1.0,0.07753033055228417,0.41935483870967744,0.5970114953826093,0.9,0.8709817781711114,False
97552,F42,1,1.0,0.0545951409674171,0.3548387096774194,0.597593317799685,1.0,0.8775374318344097,False
23416,G46,1,1.0,0.159576281970559,0.3387096774193548,0.48288741391391526,1.0,0.8513356454847457,False
71638,G46,1,0.0,0.06693780334987201,0.3709677419354839,0.6033550996127581,0.4,0.2563761153553744,False
38392,G46,1,1.0,0.0031796658416718675,0.8225806451612904,0.5936415521921222,1.0,0.9347825035013044,False
23560,G47,1,1.0,0.07818061475071095,0.3709677419354839,0.584637241370054,1.0,0.8752693742838696,False
47814,G47,1,1.0,0.024542544626157858,0.3548387096774194,0.5611214064382302,1.0,0.8768241746099434,False
102891,G46,1,0.0,0.08191568320060856,0.3870967741935484,0.584166143230742,0.0,0.20992747046929797,False
105497,G46,1,1.0,0.0328917895004779,0.4032258064516129,0.5610399533349645,0.8,0.8590415522540111,False
4451,F42,1,1.0,0.09093017979637459,0.3709677419354839,0.5704391322762543,0.7,0.8389418549350405,False
76512,F42,1,1.0,0.06704388774523456,0.41935483870967744,0.5750768644294098,0.8,0.8585986461548725,False
117771,G47,1,0.0,0.0511564132344312,0.41935483870967744,0.5760278349386614,0.0,0.21602514004598972,False
5268,G46,1,1.0,0.11500274168761197,0.3387096774193548,0.6027501473374475,0.8,0.8473841203410211,False
122925,G47,1,1.0,0.08875867154216313,0.41935483870967744,0.5541403858274043,1.0,0.8760818392216576,False
126232,F42,1,1.0,0.039066429200882206,0.4032258064516129,0.585031178478887,0.6,0.8387989506366241,False
54622,L68,1,1.0,0.03222660542435635,0.43548387096774194,0.5710013417543407,0.6,0.8415842896997473,False
50527,G47,1,1.0,0.08223437633644938,0.6129032258064516,0.48129638310619854,1.0,0.8902183591751336,False
99768,G47,1,1.0,0.03779941267670536,0.3870967741935484,0.6085381565238434,1.0,0.8842039464489652,False
126607,G47,1,1.0,0.002479533203487773,0.8870967741935484,0.549872881376402,1.0,0.9371655691518291,False
6557,G46,1,0.0,0.2083997018680391,0.46774193548387094,0.522487177704061,0.0,0.1979810457022103,False
24024,G47,1,1.0,0.06400322325274327,0.3548387096774194,0.5954341167866173,1.0,0.8762521781345881,False
31423,G46,1,0.0,0.07961773180956302,0.4032258064516129,0.5482675682206313,0.0,0.2079861825402979,False
20129,G46,1,1.0,0.15705112018775644,0.3870967741935484,0.5016799924919098,1.0,0.8590806273886334,False
14749,G46,1,1.0,0.09217580273396533,0.3709677419354839,0.6024744761325822,0.7,0.8423629350371223,False
22763,G47,1,1.0,0.11350549172511917,0.41935483870967744,0.457710603597714,1.0,0.862617772286919,False
11705,G46,1,0.0,0.10286383354222957,0.41935483870967744,0.5746996886853306,0.0,0.21013229931697538,False
6647,F42,1,1.0,0.0545365601046458,0.3870967741935484,0.5813895760037019,1.0,0.8793277544547338,False
116159,G47,1,1.0,0.06990956737034783,0.3870967741935484,0.566874632659726,0.5,0.8204513154981029,False
130042,G46,1,1.0,0.26278718352758895,0.41935483870967744,0.5015627363038964,1.0,0.8509033768317761,False
84041,G47,1,1.0,0.0815029088741873,0.3870967741935484,0.5861495136350645,0.6,0.832415930994936,False
98186,G47,1,1.0,0.10314008066256707,0.46774193548387094,0.5577877401821465,1.0,0.8802655105559389,False
44494,L68,1,1.0,0.12621387860403346,0.45161290322580644,0.5289263834441917,1.0,0.8727028231184405,False
113186,G46,1,1.0,0.07988622755442769,0.3709677419354839,0.5746913841694197,1.0,0.8739747665056083,False
122053,F42,1,1.0,0.003548966447822966,0.8064516129032258,0.581727227136819,1.0,0.9316255415102468,False
119413,G47,1,0.0,0.10020621248238218,0.5483870967741935,0.5375750608057578,0.0,0.22063954945528547,False
113877,G47,1,1.0,0.08435040741277217,0.41935483870967744,0.6002466179817215,0.9,0.8705834499198474,False
98414,G46,1,1.0,0.07859745523954816,0.43548387096774194,0.5537364399980031,1.0,0.8789580950806886,False
69876,G46,1,0.0,0.10314087263820777,0.5161290322580645,0.5410103937675075,0.4,0.26155539482081824,False
122267,G47,1,1.0,0.04541831243036222,0.5,0.5732123670802276,1.0,0.8919771171833184,False
